name,power,share
Coinbase Custody,42595704801729,0.156290969142
Upbit Staking,15084324989249,0.055346983514
Cosmostation,12714809918830,0.046652825066
Everstake,10506069597104,0.038548576831
Kraken01,9243427564781,0.033915725987
Kiln (legacy - please redelegate),8989719730072,0.032984828294
DokiaCapital,8634083452923,0.031679937609
Binance Node,8442112574157,0.030975563427
Ledger by Chorus One,8126342842443,0.029816949956
Allnodes,6665294663885,0.024456112828
SG-1,6502688868038,0.023859484189
CloudByte,5589431054050,0.020508584151
Chorus One,5247382981522,0.019253550926
P2P.org,5141138607459,0.018863722039
Blockdaemon,4666803710740,0.017123305698
Informal Systems,4391344444130,0.016112598259
üê†stake.fish,4361085924098,0.016001574543
Nansen | Stake to Stack Points,4353267304344,0.015972886682
Figment,4319865230787,0.015850328727
GAME,3995913883842,0.014661695502
Keplr,3417645579870,0.012539929609
Sikka,3231126934776,0.011855560611
Kiln,3213373662404,0.011790420801
Imperator.co,2917236923018,0.010703844156
OKXEarn,2698328065328,0.009900629896
Provalidator,2690181395734,0.009870738364
Swiss Staking,2457545345247,0.009017156671
BouBouNode,2438694853913,0.008947990975
PRYZM | StakeDrop,2371222946201,0.008700424938
NO! Fee to 2025 üí∏ | melea.xyz,2263979698176,0.008306931011
POSTHUMAN üß¨ StakeDrop,2181340600752,0.008003713945
Stakecito,2129040627629,0.007811816346
Binance Staking,2036563122771,0.007472500471
PRO Delegators,1983669013992,0.007278422886
CoinoneNode,1813396654455,0.006653664304
iqlusion,1737796015323,0.006376272553
Citadel.one,1683575734408,0.006177329014
NodeStake,1579813455292,0.005796607361
 polkachu.com,1548962204182,0.005683408813
StakeLab.zone,1397212943187,0.005126614667
Trust Nodes,1387872923119,0.005092344527
Factor,1341413675990,0.004921877556
Stakely.io,1199600484178,0.004401540557
Meria,1194644981540,0.004383357966
 Lavender.Five Nodes üêù,1193698722073,0.004379885977
Kahuna,1128075843799,0.004139104347
HighStakes.ch | Daily Airdrops,932112160127,0.003420079877
Enigma,883924739988,0.003243271943
CEX.IO Validator,840892359185,0.003085378734
Ubik Capital,829321439753,0.003042923040
üõ°Ô∏èBunkerstake.io,802904502056,0.002945994751
DKCMC,800168655709,0.002935956460
ShapeShift DAO,783282983764,0.002874000025
Stake Shark,769389752719,0.002823023370
Twinstake,752709833075,0.002761821875
Simply Staking,744917866442,0.002733231809
The_Cybernetics,742373316103,0.002723895416
S16 Research Ventures,685209237052,0.002514150575
‚úÖ CryptoCrew Validators,676249619201,0.002481276196
BlockHunters üéØ,653494968527,0.002397785468
Smart Stake üìàüìä,614292043252,0.002253943190
WhisperNode ü§ê,609770940608,0.002237354487
Binary Builders,606084680626,0.002223828965
Coinbase,603592272825,0.002214683892
Interstellar üç∏,580591872776,0.002130291467
MANTRA,572975541425,0.002102345837
ECO Stake üå± | REStake.app,571052121330,0.002095288478
Leap Wallet,567933104752,0.002083844269
Forbole,554316295059,0.002033881852
Node Guardians,553768070029,0.002031870320
cosmosrescue,541634798277,0.001987351258
Golden Ratio Staking,539878748239,0.001980908009
IcyCRO üßä,523813462522,0.001921961712
Stakin,521259328493,0.001912590154
stakezone,518149032682,0.001901177944
CryptoDungeon,502689955301,0.001844455929
0base.vc,487091074785,0.001787220953
Quasar ü§ñüß¨üß†,470685016745,0.001727024304
01node,458759495745,0.001683267516
CroutonDigital,452345881041,0.001659734860
üá®üá≠ Vortex.live üü¢,440992966362,0.001618079063
InfStones,436885808759,0.001603009195
Cryptostake.com üá®üá≠üá∫üá¶,433160673666,0.001589341033
Crosnest,431590413403,0.001583579478
Oldcat - airdrop DHK every month,409533735042,0.001502649731
üê±biglazycat.com,409339226213,0.001501936044
Dora Factory PGS,403672876949,0.001481145234
Stir,382602348619,0.001403833841
Moonlet,378478465986,0.001388702606
node101,368011153281,0.001350296235
WeStaking,360938300407,0.001324344721
Citizen Web3,346001404865,0.001269538681
Silk Nodes,345648010855,0.001268242018
Vitwit (Previously Witval),337509690400,0.001238381120
Cosmic Validator | 100% Uptime & Auto-compound,327837149941,0.001202890905
GATA HUB,315506598370,0.001157647990
Bro_n_Bro stake and win NFT lottery.bronbro.io 100% Slash-protected,309240530417,0.001134656708
Stakewolle.com |100% Insurance,304277965365,0.001116448203
Frens (ü§ù ü§ù),302678017842,0.001110577721
Blockpower,293071418724,0.001075329456
Onbloc Node,292810081991,0.001074370566
stake.systems | autocompound,278064339123,0.001020265899
interchain.FMü•©,269590575537,0.000989174202
Blocks United | blocksunited.com,260206956329,0.000954744089
KalpaTech,257987576059,0.000946600801
Sygnum,251727798398,0.000923632600
Nodeify,251035069032,0.000921090857
MultiChain ventures,241245086309,0.000885169726
SolidarityNode,237677440576,0.000872079420
Chill Validation,235688254618,0.000864780754
jabbey,231805517219,0.000850534323
IRISNET,230395268038,0.000845359876
Cosmos Spaces,227977612368,0.000836489081
Stake&Relax ü¶•,223292594748,0.000819298946
TTT VN,219723077266,0.000806201772
a41,207704164057,0.000762102312
Huginn,207420908389,0.000761062998
DSRV,200068702913,0.000734086491
w3coins,192374253352,0.000705854232
Colossus,190633259447,0.000699466226
EthicalNode,187086657979,0.000686453135
FreshSTAKING,187003250185,0.000686147097
Easy 2 Stake,182150462867,0.000668341386
EZ Staking,179859884386,0.000659936859
BigBrainStaking,176684806528,0.000648286952
üêπ Quokka Stake,174971617598,0.000642000967
Commons Hub,173809493349,0.000637736934
Republic,167920027148,0.000616127469
Defi Wallet,166817452180,0.000612081932
XPRV,164665751447,0.000604186971
NEOPIN,164520306790,0.000603653310
ZKV,162532281614,0.000596358904
Tessellated,160424612309,0.000588625502
blockscape,158568673306,0.000581815743
üåê KysenPool Sky ‚òÅÔ∏è ,153805142597,0.000564337529
Alessandro Mazza,153334896376,0.000562612115
Kintsugi Nodes,150691921763,0.000552914586
HashKey Cloud,144616461571,0.000530622678
TerraBitcoin Club | Autocompound through REStake,142884727527,0.000524268647
Stakeflow,137996776581,0.000506333914
Coinbase02,136009376672,0.000499041802
DragonStake,135970320795,0.000498898500
 kjnodes.com ü¶Ñ,134423923318,0.000493224501
Cypher Core,123089258946,0.000451635668
Ping,122251841440,0.000448563039
cosmos Af,118242089432,0.000433850569
Compass,115563190995,0.000424021229
NO FEE | Atlas Staking (Autocompound Rewards),110275206606,0.000404618705
üê°grant.fish,100708137426,0.000369515482
Chiter in Cosmos ‚öõ,100550654973,0.000368937652
SmartNodes,97752822399,0.000358671923
CrowdControl,93366612719,0.000342578165
nylira.net,92475241202,0.000339307570
B-Harvest,83254563706,0.000305475317
Astrovault,83235128071,0.000305404005
Ztake.org,81863060984,0.000300369655
Chainflow,76383229142,0.000280263209
Apeiron Nodes | StakeDrop,74249095816,0.000272432706
OWALLET,70723758436,0.000259497637
dForce,62904619167,0.000230807870
Stargaze,62364906497,0.000228827571
Coinage x DAIC,59425786177,0.000218043433
Xilodyne,56848227536,0.000208585927
BackBone Labs | Delegate for $SOUL Claim Drop,55059748207,0.000202023689
Umbrella ‚òî,50281905095,0.000184492960
Skip,47959603218,0.000175972035
Huobi,45946047485,0.000168583953
vido.info,34974125687,0.000128326084
ChainLayer,33130925049,0.000121563064
cosmos hub,31355992794,0.000115050532
lunamint,29493612482,0.000108217138
Expedition | by Life and Crypto,26410119725,0.000096903273
commercio.network,26337095614,0.000096635335
Staking Fund,19315631285,0.000070872374
VoidStake,15965550571,0.000058580352
Inter Blockchain Services,13400965122,0.000049170447
NexuSecurus,11170866281,0.000040987830
HyperblocksPro,7103486837,0.000026063915
Atomic power node,2695770691,0.000009891246
ITRocket,2145783955,0.000007873250
DELIGHT,1885191540,0.000006917092
POSITIVA Ultra,946094810,0.000003471385
Cactus,733994033,0.000002693150
BlockPI,579257192,0.000002125394
DOUBLETOP,569970620,0.000002091320
Sr20de,465541802,0.000001708153
Unstake as we will shut down,377175921,0.000001383923
Shazoes,345000000,0.000001265864
Oleg,206536378,0.000000757818
VALIDARIOS,145735823,0.000000534730
LuckyStar,127288083,0.000000467042
Gelotto üõ° Slash Protected,112755115,0.000000413718
Post Road,110057407,0.000000403820
decommissioned,98036364,0.000000359712
ü¶ä The Silver Fox,97754325,0.000000358677
Titan Network | Delegate for Claimdrop,97100000,0.000000356277
KonsorTech,82000000,0.000000300872
[NODERS]TEAM,77010000,0.000000282563
Mythos,54784639,0.000000201014
hulk,50000000,0.000000183459
